identity_bin,n,blast_recall,embedding_recall
30_to_50,49,0.857143,0.530612
50_to_70,36,1.000000,0.805556
70_to_90,32,1.000000,0.562500
