term,coef,std_err,t,p_value,ci_low,ci_high,nobs,r2,adj_r2
Intercept,1181368435087.4058,544917021541.68604,2.1679785882721436,0.05097888760182751,-5903762551.67334,2368640632726.485,16.0,0.43237499299597904,0.2904687412449738
treatment,-1132246707967.4917,629215978146.2025,-1.7994563826928227,0.09712255585977103,-2503190553784.0522,238697137849.06885,16.0,0.43237499299597904,0.2904687412449738
time,-339856403125.4791,770629042232.204,-0.44101167293286936,0.6670451838373328,-2018912847255.1733,1339200041004.2153,16.0,0.43237499299597904,0.2904687412449738
treatment:time,1632579817418.0737,889845769956.2128,1.8346772806465206,0.09145220409186246,-306227562587.63574,3571387197423.783,16.0,0.43237499299597904,0.2904687412449738
