term,coef,std_err,t,p_value,ci_low,ci_high,nobs,r2,adj_r2
Intercept,1181368435087.4062,1192919881660.985,0.9903166618721326,0.34156837381598193,-1417780707840.6602,3780517578015.4727,16.0,0.43237499299597904,0.2904687412449738
treatment,-1132246707967.4922,1193192302930.6353,-0.9489222359099595,0.361379870949669,-3731989405852.9463,1467495989917.962,16.0,0.43237499299597904,0.2904687412449738
time,-339856403125.479,1348435301095.3943,-0.2520376045105008,0.8052769011040072,-3277844537128.3164,2598131730877.3584,16.0,0.43237499299597904,0.2904687412449738
treatment:time,1632579817418.0732,1424992571469.004,1.1456760197248401,0.2742635976610924,-1472212279479.0874,4737371914315.234,16.0,0.43237499299597904,0.2904687412449738
