identity_bin,n,blast_recall,embedding_recall
90_to_100,82,1.000000,0.659091
70_to_90,32,1.000000,0.659091
40_to_70,55,0.981818,0.659091
lt_40,51,0.705882,0.659091
