identity_bin,n,blast_recall,embedding_recall
90_to_100,1,1.000000,0.500000
70_to_90,1,1.000000,0.500000
40_to_70,68,0.661765,0.500000
lt_40,488,0.704918,0.500000
