identity_bin,n,blast_recall,embedding_recall
90_to_100,606,1.000000,0.500000
70_to_90,923,0.996750,0.500000
40_to_70,1795,0.971588,0.500000
lt_40,1071,0.863679,0.500000
