identity_bin,n,blast_recall,embedding_recall
90_to_100,1192,1.000000,0.500000
70_to_90,78,0.987179,0.500000
40_to_70,214,0.915888,0.500000
lt_40,362,0.649171,0.500000
