identity_bin,n,blast_recall,embedding_recall
90_to_100,1,1.000000,0.500000
70_to_90,5,0.800000,0.500000
40_to_70,295,0.172881,0.500000
lt_40,1510,0.252318,0.500000
